seqno,hosp_name,tel,extension,mobiletelephone,hosp_addr,service_area,service_item,contact_person,twd97x,twd97y,wgs84ax,wgs84ay
1,景安護理之家,02-2240-9359,,,新北市中和區泰安里景安路42號5樓、46號4-5樓、50號3-4樓,新北市全29區,機構喘息服務,徐若慈,,,,
2,新北市私立宜安老人長期照顧中心(養護型),02-2240-9359,,,新北市中和區泰安里景安路48號7樓,新北市全29區,機構喘息服務,徐若慈,,,,
3,新北市私立桐心老人長期照顧中心(養護型),02-2968-8657,,,新北市板橋區港尾里中正路302號2樓,新北市全29區,機構喘息服務,顏愛倫,,,,
4,新北市私立圓滿老人長期照顧中心(養護型),02-2999-8867,,,新北市三重區中興里重新路五段639號10樓及639-1號10樓,板橋、新莊、三重、蘆洲、泰山、林口、五股、八里,機構喘息服務,陳韋宏,,,,
5,新北市私立愛鄰田園老人長期照顧中心(養護型),02-8677-3288,,,新北市鶯歌區永昌里建國路596巷40號,樹林、三峽、土城、鶯歌,機構喘息服務,廖家宏,,,,
6,海山護理之家,02-2956-2767,,,新北市板橋區長安里漢生東路163號4樓、4樓之1、5樓、5樓之1,新北市全29區,機構喘息服務,郭美靜,,,,
7,新北市私立景頤老人長期照顧中心(養護型),02-2277-2203,,,新北市新莊區思源路87巷18號3樓之1,板橋、樹林、新莊、中和、永和、三重、蘆洲、新店、三峽、土城、泰山、林口、五股、淡水,機構喘息服務,游皓傑,,,,
8,新北市私立中山老人長期照顧中心(養護型),02-2443-8323,,,新北市中和區中原里橋安街6號2~3樓,中和,機構喘息服務,顏世傑,,,,
9,新北市私立福泰老人長期照顧中心(養護型),02-2223-3325,,,新北市中和區碧河里中山路二段371號4樓,板橋、樹林、新莊、中和、永和、三重、蘆洲、新店、三峽、土城、鶯歌、泰山、林口、五股、汐止、淡水、瑞芳,機構喘息服務,顏世傑,,,,
10,新北市私立寶安老人長期照顧中心(養護型),02-8928-1517,,,新北市永和區上林里竹林路73號2~3樓,永和,機構喘息服務,李宜蓁,,,,
11,三芳護理之家,02-2687-6363,,,新北市板橋區崑崙里大觀路三段236號6樓,新北市全29區,機構喘息服務,林英彬,,,,
12,新北市私立蓮愛老人養護中心,02-2989-6770,,,新北市三重區溪美里溪尾街41號2樓,新北市全29區,機構喘息服務,溫世昌,,,,
13,新北市私立宏德老人長期照顧中心(養護型),02-2923-1336,,,新北市永和區協和里永平路81巷12號2樓,永和,機構喘息服務,魏嘉源,,,,
14,新北市私立再芳老人長期照顧中心(養護型),02-2292-3158,,,新北市五股區成泰路四段10號3樓之2,新莊、三重、蘆洲、泰山、林口、五股、淡水、八里、三芝,機構喘息服務,楊茜涵,,,,
15,上和長照社團法人附設新北市私立迎和住宿長照機構,02-8257-0118,,,新北市板橋區忠翠里莒光路167號2樓之9,新北市全29區,機構喘息服務,黃淞玫,,,,
16,新北市私立慈美老人養護中心,02-2246-7727,,,新北市中和區連和里中山路二段315巷2號6樓,新北市全29區,機構喘息服務,李詠偼,,,,
17,新北市私立慈美護理之家,02-2246-7725,,,新北市中和區連和里中山路二段315巷2號4樓、317號6樓,新北市全29區,機構喘息服務,李詠偼,,,,
18,詠靜護理之家,02-2662-8011,,,新北市深坑區萬順里北深路三段99、101、103號3-4樓、105號1、3、4樓,新北市全29區,機構喘息服務,王君傑,,,,
19,新北市私立長勤老人長期照顧中心(養護型),02-2636-6887,,,新北市三芝區埔頭里長勤街63號,新北市全29區,機構喘息服務,黃淑芳,,,,
20,新北市私立捷安護理之家,02-2282-9859,,,新北市蘆洲區中山一路300號,新北市全29區,機構喘息服務,王裕欽,,,,
21,私立再生護理之家,02-2915-0111,,,新北市新店區寶高路6號,板橋、中和、永和、三重、蘆洲、新店、土城、汐止、深坑、烏來、石碇,機構喘息服務,蔣學慈,,,,
22,財團法人台北市私立愛愛院,02-2306-0493,,,台北市萬華區大理街175巷27號,板橋、中和、永和、三重、蘆洲,機構喘息服務,謝蕙如,,,,
23,新北市私立一德老人長期照顧中心(養護型),02-2228-6655,,,新北市中和區中原里中山路二段560號7樓,新北市全29區,機構喘息服務,鍾昭明,,,,
24,基隆市私立順逸老人長期照顧中心(養護型),02-2434-0239,,,基隆市安樂區基金一路210巷58號,金山、萬里、瑞芳,機構喘息服務,夏語緹,,,,
25,新北市私立保安老人長期照顧中心(養護型),02-2686-3810,,,新北市樹林區保安街二段64號4樓,新北市全29區,機構喘息服務,高台興,,,,
26,新北市私立忠祥老人長期照顧中心(養護型),02-2247-3386,,,新北市中和區連和里中山路二段327巷1號4樓,板橋、新莊、中和、永和、新店、土城,機構喘息服務,吳昱陞,,,,
27,新北市私立連旺老人長期照顧中心(養護型),02-8952-0509,,,新北市板橋區香丘里中山路一段311號、313號、315之1號,板橋、樹林、新莊、中和、永和、三重、蘆洲、新店、三峽、土城、鶯歌、泰山、林口、五股、汐止、淡水、八里、雙溪、瑞芳,機構喘息服務,柯𤣹彤,,,,
28,元復醫院附設護理之家,02-2262-0582,,,新北市土城區慶樂街25號,新北市全29區,機構喘息服務,卓玉均,,,,
29,新北市私立雙和老人長期照顧中心(養護型),02-8245-8280,,,新北市中和區福和里中山路二段133號2樓,新北市全29區,機構喘息服務,顏詩庭,,,,
30,新北市私立瑞昇老人長期照顧中心(養護型),02-8967-5498,,,新北市板橋區鄉雲里四川路二段16巷1號1樓,板橋,機構喘息服務,曾莉玲,,,,
31,新北市私立尚承護理之家,02-2291-7171,,,新北市五股區成泰路四段10號3樓之1,新莊、三重、蘆洲、泰山、五股、淡水、八里,機構喘息服務,王聲嫻,,,,
32,桃園市私立八德老人長期照顧中心(養護型),03-218-2128,,,桃園市八德區介壽路一段758巷8號,樹林、三峽、鶯歌,機構喘息服務,宋彩燕,,,,
33,臺北市私立上美老人長期照顧中心(養護型),02-2812-2366,,,台北市士林區重慶北路四段162號1-4樓,新北市全29區,機構喘息服務,李宗勳,,,,
34,新北市私立安新老人長期照顧中心(養護型),02-8671-0158,,,新北市三峽區民生街83號4樓、85號4樓及5樓,新北市全29區,機構喘息服務,賴淑娟,,,,
35,紅樹林護理之家,02-2626-0766,,,新北市淡水區中正東路一段111巷22號,新北市全29區,機構喘息服務,林思伶,,,,
36,百齡診所附設護理之家,02-2811-3113,,,台北市士林區重慶北路四段187號,三重、蘆洲,機構喘息服務,林宜均,,,,
37,新北市私立嘉宥老人長期照顧中心(養護型),02-2688-3267,,,新北市樹林區中正路632巷1號2樓,板橋、樹林、新莊、三峽、土城、鶯歌、泰山、林口,機構喘息服務,簡瑾甄,,,,
38,新北市私立健安老人長期照顧中心(養護型),02-2903-1356,,,新北市新莊區雙鳳路121、123號7樓,板橋、樹林、新莊、中和、永和、三重、蘆洲、新店、三峽、土城、鶯歌、泰山、林口、五股、汐止、淡水,機構喘息服務,廖文義,,,,
39,佳新護理之家,02-8992-4278,,,新北市新莊區復興路三段31號1~4樓及33號3~4樓,板橋、樹林、新莊、中和、永和、三重、蘆洲、新店、三峽、土城、泰山、林口、五股、淡水、八里、三芝,機構喘息服務,蔡佩如,,,,
40,新北市私立永泰老人養護中心,02-2240-9933,,,新北市中和區福和里中山路二段101號,新北市全29區,機構喘息服務,顏詩庭,,,,
41,新北市私立逢源老人長期照顧中心(養護型),02-2245-0139,,,新北市中和區連和里中山路二段327巷9號3樓,新北市全29區,機構喘息服務,周素梅,,,,
42,新北市私立長恩老人長期照顧中心(養護型),02-2201-3158,,,新北市新莊區中正路387、389、393號4樓,新北市全29區,機構喘息服務,吳待芬,,,,
43,三和護理之家,02-2287-2000,,,新北市三重區福隆里三和路四段103之2號4、6~7樓,新北市全29區,機構喘息服務,李淑華,,,,
44,佳醫護理之家,02-8648-6672,,,新北市汐止區茄苳里茄苳路296號,新北市全29區,機構喘息服務,陳品芳,,,,
45,新北市私立大眾老人養護中心,02-2260-2532,,,新北市土城區清水路114號2樓,板橋、樹林、新莊、中和、永和、三重、蘆洲、新店、三峽、土城、鶯歌、泰山、林口、五股、淡水、八里,機構喘息服務,王堉仁,,,,
46,新北市私立木新居護理之家,02-2274-0855,,,新北市土城區清水路114號3-5樓,板橋、樹林、新莊、中和、永和、三重、蘆洲、新店、三峽、土城、鶯歌、泰山、林口、五股、淡水、八里,機構喘息服務,黃湘勻,,,,
47,新北市私立珍珍老人長期照顧中心(養護型),02-2998-1530,,,新北市新莊區化成路354號3樓,新北市全29區,機構喘息服務,鍾奇靜,,,,
48,新北市私立永瑞老人長期照顧中心(養護型),02-2994-2910,,,新北市新莊區化成路354號4樓,新北市全29區,機構喘息服務,黃郭純,,,,
49,新北市私立佳康老人長期照顧中心(養護型),02-2908-3466,,,新北市新莊區雙鳳路113號4樓,板橋、樹林、新莊、中和、永和、三重、蘆洲、土城、泰山、林口、五股,機構喘息服務,彭淑珍,,,,
50,臺北市私立中山老人長期照顧中心(養護型),02-2375-9590,,,台北市萬華區峨眉街124、124-1號1樓,板橋、中和、三重、淡水,機構喘息服務,趙芬蘭,,,,
51,新北市私立佳緣老人長期照顧中心(養護型),02-2670-7278,,,新北市鶯歌區西鶯里中山路41號,新北市全29區,機構喘息服務,洪佳暉,,,,
52,新北市私立慧心老人長期照顧中心(養護型),02-2956-7230,,,新北市板橋區廣福里廣權路2號2樓,新北市全29區,機構喘息服務,朱冠宇,,,,
53,新北市私立心田老人長期照顧中心(養護型),02-8951-1426,,,新北市板橋區廣福里廣權路2號3樓,新北市全29區,機構喘息服務,朱冠宇,,,,
54,慈馨護理之家,02-2952-4388,,,新北市板橋區後埔里館前東路96號2樓,新北市全29區,機構喘息服務,紀靖茹,,,,
55,新北市私立德馨老人長期照顧中心(養護型),02-2647-1288,,,新北市汐止區仁德里和平街8號5樓,汐止,機構喘息服務,陳盈君,,,,
56,新北市私立新明厚老人長期照顧中心(養護型),02-2629-7281,,,新北市淡水區中正東路一段27號1樓,新北市全29區,機構喘息服務,張秀謂,,,,
57,基隆市私立志心老人長期照顧中心(養護型),02-2432-3059,,,基隆市安樂區樂利三街189、193號,汐止,機構喘息服務,黃浚滕,,,,
58,基隆市私立健安老人長期照顧中心(養護型),02-2422-9001,,,基隆市中正區義二路2巷13號3樓,汐止,機構喘息服務,吳欣霖,,,,
59,基隆市私立宏安老人長期照顧中心(養護型),02-2455-3517,,,基隆市七堵區東新街91號2樓,汐止,機構喘息服務,謝豐州,,,,
60,基隆市私立深美老人長期照顧中心(養護型),02-2468-5311,,,基隆市信義區教忠街37號,汐止,機構喘息服務,鍾振豊,,,,
61,新北市私立鴻祥老人長期照顧中心(養護型),"02-8967-7439
02-8967-5401",,,新北市板橋區鄉雲里四川路二段16巷9號8樓,新北市全29區,機構喘息服務,涂琦珍,,,,
62,新北市私立同心老人長期照顧中心(養護型),02-2267-9979,,,新北市土城區中央路四段127號9-10樓、9樓之1-11樓之1,新北市全29區,機構喘息服務,黃曉寶,,,,
63,私立健安護理之家,02-2272-1166,,,新北市板橋區漢生里民權路174號,新北市全29區,機構喘息服務,劉念娟,,,,
64,新北市私立松樹老人長期照顧中心(養護型),02-2682-3334,,,新北市板橋區崑崙里大觀路三段236號7樓之1,板橋、樹林、新莊、中和、永和、三重、蘆洲、土城,機構喘息服務,李怡禎,,,,
65,新北市私立松林老人長期照顧中心(養護型),02-2682-4116,,,新北市板橋區崑崙里大觀路三段236號7樓之2,板橋、樹林、新莊、中和、永和、三重、蘆洲、土城,機構喘息服務,李怡禎,,,,
66,新北市私立松和老人長期照顧中心(養護型),02-2682-3337,,,新北市板橋區崑崙里大觀路三段236號7樓,板橋、樹林、新莊、中和、永和、三重、蘆洲、土城,機構喘息服務,李湛博,,,,
67,松和護理之家,02-2682-3337,,,新北市板橋區崑崙里大觀路三段236號7樓之3,板橋、樹林、新莊、中和、永和、三重、蘆洲、土城,機構喘息服務,莊麗珊,,,,
68,景美醫院附設護理之家,02-2933-2962,,,台北市文山區萬慶街18號3~4樓,板橋、中和、永和、三重、蘆洲、新店、土城,機構喘息服務,劉勻菁,,,,
69,私立健生護理之家,02-2263-1588,,,新北市土城區中華路一段14號,新北市全29區,機構喘息服務,林育良,,,,
70,兆興護理之家,02-2999-8760,,,新北市三重區中興里中興北街19巷2號,新莊、三重、蘆洲,機構喘息服務,鄭金英,,,,
71,祥蕙護理之家,02-2964-6585,,,新北市板橋區和平里廣和街100號、100號2樓至5樓、102號,新北市全29區,機構喘息服務,李季芳,,,,
72,新北市私立祥逸老人長期照顧中心(養護型),02-8245-3559,,,新北市中和區福善里景平路726-8號、726-6號2樓之1~3,新北市全29區,機構喘息服務,李季芳,,,,
73,財團法人豐榮護理之家,02-2212-2345,,,新北市新店區安德街60巷26號、28號、30號及26號2樓、3樓、3樓之1,新北市全29區,機構喘息服務,王雅萍,,,,
74,新北市私立安濟老人長期照顧中心(養護型),02-2695-1800,,,新北市汐止區環河里福德一路351巷11弄18號2樓,汐止,機構喘息服務,孫宇瑩,,,,
75,新北市私立大德老人長期照顧中心(養護型),02-2287-0555,,,新北市三重區福隆里三和路四段103-1號4樓,新北市全29區,機構喘息服務,吳怡蒨,,,,
76,私立大愛護理之家,02-2287-0889,,,新北市三重區福隆里三和路四段103-1號1~3樓,新北市全29區,機構喘息服務,吳怡蒨,,,,
77,新北市私立崇惠老人長期照顧中心(養護型),02-8626-8833,,,新北市淡水區淡金路16巷117號,新北市全29區,機構喘息服務,吳承諺,,,,
78,新北市私立永順老人養護中心,02-3234-0828,,,新北市中和區平河里建康路2號5樓,新北市全29區,機構喘息服務,蘇芷嫻,,,,
79,新北市私立智英老人長期照護中心,02-2908-5498,,,新北市新莊區中正路544之36號1樓,板橋、新莊、三重、蘆洲、泰山、五股,機構喘息服務,賴政顥,,,,
80,新北市私立中英老人養護中心,02-2908-5498,,,新北市新莊區中正路544之36號2樓,板橋、新莊、三重、蘆洲、泰山、五股,機構喘息服務,賴政顥,,,,
81,新北市私立傅英老人長期照顧中心(養護型),02-2908-5498,,,新北市新莊區中正路544之36號3樓,板橋、新莊、三重、蘆洲、泰山、五股,機構喘息服務,賴政顥,,,,
82,新北市私立仁英老人養護中心,02-2908-5498,,,新北市新莊區中正路544之36號4樓,板橋、新莊、三重、蘆洲、泰山、五股,機構喘息服務,賴政顥,,,,
83,鴻欣護理之家,02-2674-0396,,,新北市三峽區三樹路168巷48號,板橋、樹林、新莊、中和、永和、三重、蘆洲、新店、三峽、土城、鶯歌、泰山、林口、五股,機構喘息服務,劉智盛,,,,
84,宏十字護理之家,02-2662-6893,,,新北市深坑區萬順里北深路三段99、101、103、105號7-8樓,新北市全29區,機構喘息服務,張麗英,,,,
85,財團法人新北市私立馨園老人養護中心,02-2498-9331,,,新北市萬里區磺潭里公舘崙23之1號,新北市全29區,機構喘息服務,江彥輝,,,,
86,同仁醫院附設土城護理之家,02-2267-3230,,,新北市土城區中央路四段127號1~8樓、2樓之1~8樓之1,新北市全29區,機構喘息服務,鄭學慧,,,,
87,天主教耕莘醫療財團法人附設耕莘護理之家,"02-2219-3391
#65332",,,新北市新店區中正路362號C棟1-2樓,新店,機構喘息服務,方玉燕,,,,
88,新北市私立老吾老護理之家,02-2202-0118,65332,,新北市新莊區新樹路315巷1號1~3樓,板橋、樹林、新莊、中和、三重、蘆洲、三峽、土城、鶯歌、泰山、林口、五股,機構喘息服務,吳秀蘭,,,,
89,新北市私立家安老人長期照顧中心(養護型),02-8992-0125,,,新北市新莊區思源路119號2樓、117號(2層)、119號2樓、121號2樓、123號2樓,新北市全29區,機構喘息服務,劉先舉,,,,
90,新北市私立好家園老人長期照顧中心(養護型),02-2692-6777,,,新北市汐止區興福里福德路38號2樓,新北市全29區,機構喘息服務,李質穎,,,,
91,新北市私立美麗家園老人長期照顧中心(養護型),02-2692-1238,,,新北市汐止區興福里福德路38號7樓,新北市全29區,機構喘息服務,王宇文,,,,
92,新北市私立幸福家園老人長期照顧中心(養護型),02-2693-4325,,,新北市汐止區興福里福德路38號12樓,新北市全29區,機構喘息服務,李倩穎,,,,
93,新北市私立安怡老人長期照顧中心(養護型),02-2228-7623,,,新北市中和區碧河里建一路87號3樓,新北市全29區,機構喘息服務,李倩穎,,,,
94,溫昕護理之家,02-2219-0259,,,新北市新店區中正路539-3號3~5樓,新北市全29區,機構喘息服務,施菊香,,,,
95,桃園市私立松林老人長期照顧中心(長期照護型),03-328-8001,,,桃園市龜山區復興北路6巷42號,板橋、樹林、新莊、三重、蘆洲、泰山、林口、五股,機構喘息服務,蔡珮僥,,,,
96,松林護理之家,03-318-0999,,,桃園市龜山區復興北路6巷46號,新北市全29區,機構喘息服務,簡慧足,,,,
97,新北市私立連城老人長期照顧中心(養護型),02-2247-9996,,,新北市中和區碧河里板南路337號4樓,新北市全29區,機構喘息服務,李沛君,,,,
98,新北市私立至傑護理之家,02-8964-1787,,,新北市板橋區廣福里和平路14巷9號、9-1號,板橋、樹林、新莊、中和、永和、三重、三峽、土城、鶯歌、泰山、林口、五股,機構喘息服務,黃惠珍,,,,
99,財團法人私立廣恩老人養護中心,"02-2217-3517
#135",,,新北市新店區北宜路二段579巷45號,新莊、三重、蘆洲、新店、土城、五股、瑞芳,機構喘息服務,李嘉偕,,,,
100,衛生福利部雙和醫院附設護理之家(委託臺北醫學大學興建經營),02-2249-0088,,,新北市中和區力行里中正路291號13~15樓,板橋、樹林、新莊、中和、永和、新店、土城,機構喘息服務,陳雅如,,,,
101,康園護理之家,02-8666-3556,135,,新北市新店區安興路91巷31號1至5樓,新北市全29區,機構喘息服務,謝濰嬣,,,,
102,百禾長照社團法人附設新北市私立百禾住宿長照機構,02-2966-1717,,,新北市板橋區新興里南雅南路一段8號2樓,新北市全29區,機構喘息服務,康巧娟,,,,
103,寶興護理之家,02-2910-9980,,,新北市新店區寶興路39號1樓、2至4樓、41號2至5樓,板橋、中和、永和、新店、深坑、烏來、平溪,機構喘息服務,廖麗如,,,,
104,新北市私立皇佳老人長期照顧中心(養護型),02-2226-1881,,,新北市中和區中原里中山路二段562號10樓,新北市全29區,機構喘息服務,黃伯超,,,,
105,新北市私立中原老人長期照顧中心(養護型),02-2226-1881,,,新北市中和區中原里中山路二段560號6樓、6樓之1,新北市全29區,機構喘息服務,黃明發,,,,
106,皇家護理之家,02-2226-1881,,,新北市中和區中原里中山路二段560號5樓、562號5樓、7樓、7樓之1、8樓,新北市全29區,機構喘息服務,林子琪,,,,
107,新北市立聯合醫院附設護理之家,"02-2257-5151
#2526",,,新北市板橋區德翠里英士路198號5樓,板橋、樹林、新莊、中和、永和、三重、蘆洲、新店、土城、泰山、林口、五股、汐止、淡水,機構喘息服務,蘇麗琪,,,,
108,新北市私立景馨護理之家,02-8992-1892,,,新北市新莊區化成路63巷41號1~2樓,新北市全29區,機構喘息服務,曾琨斐,,,,
109,財團法人中華文化社會福利事業基金會附設新北市私立翠柏新村老人安養中心,02-2645-1001,2526,,新北市汐止區長青里永春一路5號,新北市全29區,機構喘息服務,林怡璇,,,,
110,新北市私立迦順老人長期照顧中心(養護型),02-2964-5889,,,新北市板橋區鄉雲里館前西路6號8樓,新北市全29區,機構喘息服務,黃議毅,,,,
111,新北仁康醫院附設護理之家,02-2215-2345,,,新北市新店區安康路二段323~325號3樓,中和、永和、新店,機構喘息服務,邱紹玲,,,,
112,新北市私立沐心老人長期照顧中心(養護型),02-2999-0737,,,新北市三重區中興里重新路五段635之2號1~3樓,新北市全29區,機構喘息服務,林綺怡,,,,
113,太陽長照社團法人附設新北市私立林口住宿長照機構,02-2602-6928,,,新北市林口區西林里吉林街30號,新北市全29區,機構喘息服務,張詠淇,,,,
114,財團法人恆安社會福利慈善事業基金會附設新北市私立大同老人長期照顧中心(養護型),02-8648-9888,,,新北市汐止區保安里大同路三段425號3、4樓,新北市全29區,機構喘息服務,謝皓萱,,,,
115,匯安護理之家,02-2912-9020,,,新北市新店區寶興路37號3樓,板橋、中和、永和、新店、土城、深坑、烏來,機構喘息服務,洪榕薇,,,,
116,新北市私立匯安老人長期照顧中心(養護型),02-8665-6656,,,新北市新店區中正路399巷7號,新北市全29區,機構喘息服務,周雅婷,,,,
117,新北市私立匯福老人長期照顧中心(養護型),02-2217-8035,,,新北市新店區竹林路99號,新北市全29區,機構喘息服務,周雅婷,,,,
118,遠東護理之家,02-2218-6820,,,新北市新店區民權路129號2樓,新北市全29區,機構喘息服務,周燕玉,,,,
119,新北市私立皇冠老人養護中心,02-2915-7112,,,新北市新店區民權路60號4樓,新北市全29區,機構喘息服務,林建宇,,,,
120,新北市私立大坪林老人長期照顧中心(養護型),02-2911-1377,,,新北市新店區民權路58號、60號5樓,新北市全29區,機構喘息服務,楊秋香,,,,
121,新北市私立迦勒老人長期照顧中心(養護型),"02-82621968
02-82621966",,,新北市土城區延壽路9號,新北市全29區,機構喘息服務,余鳳庭,,,,
122,新北市私立迦蜜老人長期照顧中心(養護型),02-2951-1181,,,新北市板橋區廣福里廣權路10號2~3樓,新北市全29區,機構喘息服務,何沂軒,,,,
123,新北市私立廣權老人長期照顧中心(養護型),02-8951-4712,,,新北市板橋區廣福里廣權路2號5樓,新北市全29區,機構喘息服務,張嘉晏,,,,
124,廣權護理之家,02-8951-4712,,,新北市板橋區廣福里廣權路6號2、5樓,新北市全29區,機構喘息服務,張嘉晏,,,,
125,新北市私立廣福老人長期照顧中心(養護型),02-8951-4435,,,新北市板橋區廣福里廣權路2號4樓,新北市全29區,機構喘息服務,黃郁修,,,,
126,新北市私立衡安護理之家,02-8671-1558,,,新北市三峽區文化路59號5樓之1、6樓之1.2、7樓之1,板橋、樹林、中和、三峽、土城、鶯歌,機構喘息服務,陳吟倩,,,,
127,基隆市私立聯安護理之家,02-2424-1071,,,基隆市仁愛區愛五路34號3樓、6樓,汐止,機構喘息服務,周辰澔,,,,
128,基隆市私立聯安老人長期照顧中心(養護型),02-2424-1073,,,基隆市仁愛區愛五路34號7樓,汐止,機構喘息服務,周辰澔,,,,
129,八里佳醫護理之家,02-2610-4913,,,新北市八里區大崁里觀海大道185號,新北市全29區,機構喘息服務,顏嘉瑩,,,,
130,新北市私立双慈老人長期照顧中心(養護型),02-8228-6093,,,新北市中和區中原里中正路909號5樓,板橋、樹林、新莊、中和、永和、三重、蘆洲、新店、三峽、土城、鶯歌、泰山、林口、五股、汐止、淡水,機構喘息服務,黃詩涵,,,,
131,双慈護理之家,02-8228-6000,,,新北市中和區中原里中正路909號8、9樓,板橋、樹林、新莊、中和、永和、三重、蘆洲、新店、三峽、土城、鶯歌、泰山、林口、五股、汐止、淡水,機構喘息服務,黃詩涵,,,,
132,新北市私立怡和老人長期照顧中心(養護型),"02-8221-3540
02-8221-3541",,,新北市中和區平河里中正路772號5樓,新北市全29區,機構喘息服務,盧玟伶,,,,
133,財團法人台灣省私立健順養護中心,02-2662-2499,,,新北市深坑區昇高里王軍寮9號,新北市全29區,機構喘息服務,許瑞玲,,,,
134,仁禾護理之家,02-2636-5111,,,新北市三芝區古庄里四棧橋53之3號1~3樓,新北市全29區,機構喘息服務,吳禎育,,,,
135,私立三民護理之家,02-2288-5959,,,新北市蘆洲區三民路26巷51號1-2樓,新北市全29區,機構喘息服務,楊玫芳,,,,
136,新北市私立恩祥老人長期照顧中心(養護型),02-2288-6211,,,新北市蘆洲區三民路26巷51號3樓,新北市全29區,機構喘息服務,黃冠銘,,,,
137,新北市私立祐安老人長期照顧中心(養護型),02-2286-6311,,,新北市三重區福隆里自強路四段6、8號3樓,新北市全29區,機構喘息服務,黃鼎晉,,,,
138,康禾護理之家,"02-2670-3636
0915-929-311",,,新北市鶯歌區中鶯里建國路85號8樓,三峽、鶯歌,機構喘息服務,鍾沛妤,,,,
139,永康護理之家,03-396-0789,,,桃園市龜山區忠義路二段421號,新北市全29區,機構喘息服務,陳俐安,,,,
140,臺北市私立全泰老人長期照顧中心(養護型),02-2874-7739,,0915929311,台北市北投區行義路105號1~2樓,新北市全29區,機構喘息服務,陳莉茵,,,,
141,臺北市私立全家老人長期照顧中心(養護型),02-2876-1245,,,台北市北投區行義路96巷1號1~2樓,新北市全29區,機構喘息服務,陳莉茵,,,,
142,臺北市私立全寶老人長期照顧中心(養護型),02-2871-0792,,,台北市北投區石牌路二段315巷16弄2、2-1號1樓,新北市全29區,機構喘息服務,陳莉茵,,,,
143,臺北市私立義行老人長期照顧中心(養護型),02-2876-7880,,,台北市北投區石牌路二段357巷1號4-6樓,新北市全29區,機構喘息服務,張逸敏,,,,
144,臺北市私立行義老人長期照顧中心(養護型),02-2872-9599,,,台北市北投區石牌路二段357巷1號1-3樓,新北市全29區,機構喘息服務,張逸敏,,,,
145,三重中興醫院附設護理之家,02-2999-1769,,,新北市三重區中興里中興北街21號4樓,新莊、三重、蘆洲,機構喘息服務,林菡雅,,,,
146,福德護理之家,02-2219-1818,,,新北市新店區中正路500號2、3、5樓；502號3、4、5樓,板橋、中和、永和、三重、新店、深坑、石碇,機構喘息服務,郭皇均,,,,
147,新北市私立莊敬老人長期照顧中心(養護型),02-2218-5571,,,新北市新店區中正路521巷1、3號3樓,新北市全29區,機構喘息服務,井寶琳,,,,
148,和安長照社團法人附設新北市私立和安住宿長照機構,02-29813999,,,新北市三重區溪美里溪尾街35號1~4樓,新北市全29區,機構喘息服務,余明純,,,,
149,新北市私立亞恩老人長期照顧中心(養護型),02-8911-1270,,,新北市新店區民權路42巷59弄2號5樓,新店,機構喘息服務,曾雅慧,,,,
150,大慶護理之家,03-396-0036,,,桃園市龜山區文化路182巷9號,林口,機構喘息服務,黃怡淨,,,,
151,佳醫長照社團法人附設新北市私立觀海住宿長照機構,02-8630-3185,,,新北市八里區頂罟里博物館路183號1至4樓,新北市全29區,機構喘息服務,湯瑞吟,,,,
152,新北市私立闔樂老人長期照顧中心(養護型),02-2242-2502,,,新北市中和區連和里中山路二段327巷1號2樓,新北市全29區,機構喘息服務,吳若慈,,,,
153,新北市私立合樂老人長期照顧中心(養護型),02-8245-7667,,,新北市中和區連和里中山路二段327巷11弄17號3樓,新北市全29區,機構喘息服務,吳若慈,,,,
154,新北市私立和樂老人長期照顧中心(養護型),02-8245-8131,,,新北市中和區連和里中山路二段327巷11弄17號5樓,新北市全29區,機構喘息服務,吳若慈,,,,
155,新北市私立銀享家園老人長期照顧中心(養護型),02-2265-8289,,,新北市土城區日新街33巷8號1、2樓,板橋、新莊、三峽、土城、鶯歌、五股,機構喘息服務,趙偉智,,,,
156,新北市私立銀享樂園老人長期照顧中心(養護型),02-2265-8289,,,新北市土城區日新街33巷8號3、4樓,板橋、新莊、三峽、土城、鶯歌、五股,機構喘息服務,趙偉智,,,,
157,劉秀娥長照社團法人附設臺北市私立宜恩住宿長照機構,02-2518-5855,,,台北市中山區伊通街28號1-7樓,板橋、新莊、中和、永和、三重、蘆洲、新店、泰山、林口、五股,機構喘息服務,張志維,,,,
158,新北市私立溫馨園老人長期照顧中心(養護型),02-2678-2277,,,新北市鶯歌區中鶯里建國路85號4樓,新北市全29區,機構喘息服務,李季芳,,,,
159,新北市私立仁惠老人長期照顧中心(養護型),02-2636-3222,,,新北市三芝區古庄里四棧橋53之11號,新北市全29區,機構喘息服務,吳雅菱,,,,
160,新北市私立怡安老人長期照顧中心(養護型),"02-8221-3540
02-8221-3541",,,新北市中和區平河里中正路770號5樓,新北市全29區,機構喘息服務,張嘉倫,,,,
161,新北市私立慈和老人長期照顧中心(養護型),02-2221-2393,,,新北市中和區中原里中正路909號2樓,板橋、中和,機構喘息服務,宋建蘭,,,,
162,新北市私立慈安老人長期照顧中心(養護型),02-2258-8868,,,新北市中和區中原里中正路909號3樓,板橋、中和,機構喘息服務,宋建蘭,,,,
163,新北市私立慈鴻老人長期照顧中心(養護型),02-8228-2226,,,新北市中和區中原里中正路909號4樓,板橋、中和,機構喘息服務,宋建蘭,,,,
164,桃園市私立大溪老人長期照顧中心(養護型),03-387-0119,,,桃園市大溪區慈湖路85號4樓,板橋、樹林、新莊、中和、三重、三峽、土城、鶯歌、林口,機構喘息服務,謝鴻倫,,,,
165,詠林長照社團法人附設新北市私立詠林綜合長照機構,02-2620-6160,,,新北市淡水區中正東路一段111巷20號,五股、淡水、八里、三芝,機構喘息服務,王嫈筑,,,,
